S.R.No.,Title,Colors,Case_style,,
covers-1-(1).png,Striped Tee,,"fashion, quirky, 3d, humour",weapon,
covers-1-(2).png,Colourful  Tee,,"fashion, quirky, 3d, humour",typography,
covers-1-(3).png,Brown Jacket,,"fashion, quirky, 3d, humour",sports,
covers-1-(5).png,Cowboy Jeans,,"fashion, quirky, 3d, humour",retro,
covers-1-(6).png,Sports Shoes,,"fashion, quirky, 3d, humour",quirky,
covers-1-(7).png,Green Sleeper,,"fashion, quirky, 3d, humour",profession-and-personality,
covers-1-(8).png,Orange Shoes,,"fashion, quirky, 3d, humour",party,
covers-1-(10).png,Black leather Jacket,,"fashion, quirky, 3d, humour",music,
covers-1-(11).png,Give It Up,,"quirky, 3d, party, humour",movies-and-television,
covers-1-(12).png,Energy Boost,,"quirky, 3d, party, humour",humour,
covers-1-(13).png,BAR bar,,"quirky, 3d, party, humour",gym-and-ealth,
covers-1-(14).png,Absolutely Mine,,"quirky, 3d, party, humour",graphic,
covers-1-(15).png,4 Bottle Mocktail,,"quirky, 3d, party, humour",fashion,
covers-1-(16).png,Bar O Licious,,"quirky, 3d, party, humour",famous,
covers-1-(17).png,Coffee Time,,"quirky, 3d, party, humour",desi,
covers-1-(18).png,Beer Mug,,"quirky, 3d, party, humour",corel,
covers-1-(19).png,Keep Calm and Drink,,"quirky, party, humour, typography",comics-and-cartoon,
covers-1-(20).png,Brown Armour Jacket,,"weapon, fashion, retro, 3d",auto-and-transporation,
covers-1-(21).png,Antique Mask ,,"weapon, fashion, retro, 3d",animal,
covers-1-(22).png,Save The World,,"weapon, fashion, retro, 3d",3d,
covers-1-(23).png,Golden Armour Jacket,,"weapon, fashion, retro, 3d",,
covers-1-(24).png,Gothic Jacket,,"weapon, fashion, retro, 3d",,
covers-1-(25).png,Antique Face Mask,,"weapon, fashion, retro, 3d",,
covers-1-(26).png,Broken Glass,,"quirky, 3d, humour",,
covers-1-(27).png,Bullet Holes,,weapon,,
covers-1-(28).png,Metal Bullets,,weapon,,
covers-1-(29).png,Sexy Geek,,"quirky, humour, comic-and-cartoon, typography, profession-and-personality",,
covers-1-(30).png,I M Responsible,,"quirky, humour, fashion, profession-and-personality",,
covers-1-(31).png,I Am Engeneer,,"quirky, humour, profession-and-personality, typography",,
covers-1-(32).png,Man Up,,"quirky, humour, fashion, profession-and-personality",,
covers-1-(33).png,Sexy Moustache ,,"quirky, humour, fashion, profession-and-personality",,
covers-1-(34).png,Royal Stuff,,"quirky, humour, fashion, profession-and-personality",,
covers-1-(35).png,Romantic Guy,,"comic-and-cartoon, profession-and-personality",,
covers-1-(36).png,Rockstar Hu Mein,,"comic-and-cartoon, profession-and-personality",,
covers-1-(37).png,Shikari Shambhu,,"comic-and-cartoon, profession-and-personality",,
covers-1-(38).png,Gussa Mat Dila ,,"comic-and-cartoon, profession-and-personality",,
covers-1-(39).png,Sports Maniac ,,"comic-and-cartoon, profession-and-personality",,
covers-1-(40).png,Mr. Lawyer,,"comic-and-cartoon, profession-and-personality",,
covers-1-(41).png,Mr. Accountant,,"comic-and-cartoon, profession-and-personality",,
covers-1-(42).png,Mr. Entrepreneur,,"comic-and-cartoon, profession-and-personality",,
covers-1-(43).png,Mr.  Engineer,,"comic-and-cartoon, profession-and-personality",,
covers-1-(44).png,Mr. Doctor,,"comic-and-cartoon, profession-and-personality",,
covers-1-(45).png,Mr.  Architect,,"comic-and-cartoon, profession-and-personality",,
covers-1-(46).png,Mr. MBA,,"comic-and-cartoon, profession-and-personality",,
covers-1-(47).png,Mr. Fashion designer,,"comic-and-cartoon, profession-and-personality",,
covers-1-(48).png,Mr. Teacher,,"comic-and-cartoon, profession-and-personality",,
covers-1-(49).png, PYAR SE DEKHO ,,"quirky, 3d, typography, auto-and-transportation, desi, humour",,
covers-1-(50).png,Designer Helmet,,"quirky, 3d, auto-and-transportation, fashion",,
covers-1-(51).png,Buri Nazar Mat Daal ,,"quirky, 3d, typography, auto-and-transportation, desi, humour",,
covers-1-(52).png,Retro Car,,"quirky, 3d, auto-and-transportation, retro",,
covers-1-(53).png,Sexy Bike,,"quirky, 3d, auto-and-transportation",,
covers-1-(54).png,Retro Scooter,,"quirky, auto-and-transportation, retro",,
covers-1-(55).png,Cockpit,,"quirky, 3d, auto-and-transportation",,
covers-1-(56).png,It's a Beautiful Ride,,"quirky, auto-and-transportation, retro",,
covers-1-(58).png,Roadster,,"quirky, auto-and-transportation, fashion",,
covers-1-(59).png,Rainbow Scooter,,"quirky, auto-and-transportation, retro",,
covers-1-(60).png,Red Ferrari,,"quirky, auto-and-transportation, fashion",,
covers-1-(62).png,Colourful Cycles,,auto-and-transportation,,
covers-1-(63).png,You Sexy Thing,,"quirky, auto-and-transportation, 3d, fashion",,
covers-1-(65).png,Retro Beauties,,"quirky, auto-and-transportation, 3d, retro",,
covers-1-(66).png,Scooter Pop Art,,"quirky, auto-and-transportation, retro",,
covers-1-(67).png,Go For It,,"quirky, auto-and-transportation, 3d, retro",,
covers-1-(68).png,Futuristic Machine,,"auto-and-transportation, fashion",,
covers-1-(69).png,Tron Style,,"auto-and-transportation, 3d",,
covers-1-(70).png,Concept Car,,"auto-and-transportation, 3d",,
covers-1-(71).png,London Bus,,"auto-and-transportation, 3d, quirky",,
covers-1-(72).png,Speed O Meter,,"auto-and-transportation, 3d, quirky",,
covers-1-(73).png,Headlight ,,"auto-and-transportation, 3d",,
covers-1-(74).png,Grey Beauty,,"auto-and-transportation, 3d, quirky, fashion",,
covers-1-(75).png,Dream Stuff,,"auto-and-transportation, 3d",,
covers-1-(76).png,Fighter Tank,,"auto-and-transportation, 3d, weapon",,
covers-1-(77).png,War Machines,,"auto-and-transportation, 3d, weapon",,
covers-1-(78).png,Blue Nissan ,,"auto-and-transportation, 3d",,
covers-1-(79).png,Ride with Me,,"auto-and-transportation, comic-and-cartoon, retro",,
covers-1-(80).png,Cycle Fun,,"auto-and-transportation, comic-and-cartoon",,
covers-1-(81).png,Dirt bike,,"auto-and-transportation, sports",,
covers-1-(82).png,Classic machine,,auto-and-transportation,,
covers-1-(83).png,Oh Ferrari ,,"auto-and-transportation, 3d, quirky, fashion",,
covers-1-(84).png,Horn Please,,"auto-and-transportation, quirky, humour, typography",,
covers-1-(85).png,Tron-e-licious,,"auto-and-transportation, 3d, quirky, fashion",,
covers-1-(86).png,2 Wheel Classic,,"auto-and-transportation, retro",,
covers-1-(87).png,Life is Beautiful,,"auto-and-transportation, retro",,
covers-1-(88).png,Big Wheels,,"auto-and-transportation, retro",,
covers-1-(89).png,Oh My Gosh,,"auto-and-transportation, fashion",,
covers-1-(90).png,Born to Ride,,"auto-and-transportation, comic-and-cartoon",,
covers-1-(91).png,Luxurious,,"auto-and-transportation, 3d, quirky",,
covers-1-(92).png,Vintage Sports Car,,"auto-and-transportation, 3d, retro",,
covers-1-(97).png,Keep Laughing,,"comic-and-cartoon, profession-and-personality",,
covers-1-(98).png,Sad Look,,"comic-and-cartoon, profession-and-personality",,
covers-1-(100).png,Don't Mess With Me,,"comic-and-cartoon, profession-and-personality",,
covers-1-(102).png,Lage Raho,,"comic-and-cartoon, profession-and-personality",,
covers-1-(103).png,Kabhi Khushi Kabhi Gum,,"comic-and-cartoon, profession-and-personality",,
covers-1-(104).png,Panga Mat Lena ,,"comic-and-cartoon, profession-and-personality",,
covers-1-(106).png,Hipster,,"comic-and-cartoon, profession-and-personality, fashion",,
covers-1-(109).png,Look Test,,"comic-and-cartoon, profession-and-personality",,
covers-1-(110).png,Multi Faceted,,"comic-and-cartoon, profession-and-personality",,
covers-1-(111).png,I am a Rockstar ,,"comic-and-cartoon, profession-and-personality",,
covers-1-(112).png,Kya Bolti Tu,,"comic-and-cartoon, profession-and-personality",,
covers-1-(113).png,Talk Nerdy,,"typography, humour, quirky",,
covers-1-(114).png,Its Not My Fault,,"typography, humour, quirky, profession-and-personality, fashion",,
covers-1-(115).png,Grow A Moustache,,"typography, humour, quirky, profession-and-personality, fashion",,
covers-1-(116).png,Haters Gonna Hate,,"comic-and-cartoon, humour, quirky, profession-and-personality, fashion",,
covers-1-(117).png,Bubble Girl,,"comic-and-cartoon, humour, quirky, profession-and-personality, fashion",,
covers-1-(118).png,Grow Your Beard  ,,"typography, humour, quirky, profession-and-personality, fashion",,
covers-1-(120).png,Look In My Eyes,,"typography, humour, quirky, profession-and-personality, fashion",,
covers-1-(122).png,I Got The Power,,"humour, quirky, profession-and-personality, fashion",,
covers-1-(130).png,Nostalgic,,"auto-and-transportation, retro",,
covers-1-(131).png,Legendary,,"auto-and-transportation, retro, illustration",,
covers-1-(132).png,Yellow Classic,,"auto-and-transportation, retro",,
covers-1-(133).png,Air O Plane,,"auto-and-transportation, retro, illustration",,
covers-1-(134).png,Retro Magic,,"auto-and-transportation, retro",,
covers-1-(136).png,Red Cycle Art,,"auto-and-transportation, retro",,
covers-1-(139).png,Pop Cycle ,,auto-and-transportation,,
covers-1-(141).png,Austin Healey,,"auto-and-transportation, quirky, 3d, retro, fashion",,
covers-1-(142).png,Black Magic,,"auto-and-transportation, quirky, 3d, retro, fashion",,
covers-1-(143).png,Retro Chervolet,,"auto-and-transportation, quirky, 3d, retro, fashion",,
covers-1-(146).png,Angry Rickshaw ,,"auto-and-transportation, quirky, 3d, humour",,
covers-1-(147).png,Satrangi Re,,"auto-and-transportation, retro",,
covers-1-(149).png,Come With Me,,"auto-and-transportation, retro",,
covers-1-(150).png,Orange Ride,,"auto-and-transportation, retro",,
covers-1-(153).png,Kitna Hua ,,"auto-and-transportation, desi",,
covers-1-(154).png,Antique Gun,,"weapon, retro",,
covers-1-(155).png,A.K. 47,,weapon,,
covers-1-(157).png,Swedish Vodka,,party,,
covers-1-(160).png,Vinatge Horn,,"desi, quirky, auto-and-transportation, humour",,
covers-1-(161).png,For Hire,,"desi, quirky, auto-and-transportation, humour",,
covers-1-(162).png,Meter Pop Art,,"desi, quirky, auto-and-transportation, illustration",,
covers-1-(165).png,Look With Affection,,"desi, quirky, auto-and-transportation, humour, comic-and-cartoon",,
covers-1-(169).png,Bubble Love,,"party, 3d, quirky",,
covers-1-(173).png,Cover Me Up,,"party, quirky, 3d",,
covers-1-(175).png,No Smoking,,"party, humour, 3d, quirky",,
covers-1-(177).png,Light Me Up,,"party, 3d, quirky",,
covers-1-(184).png,Let's Drink,,"typography, party, humour",,
covers-1-(185).png,Rum Only,,"3d, quirky, party",,
covers-1-(186).png,Canned  Soup ,,"3d, quirky",,
covers-1-(188).png,Antique Sword Handle,,"weapon, 3d, quirky",,
covers-1-(195).png,5 bullets,,weapon,,
covers-1-(196).png,Lemon Magic,,"party, typography, humour",,
covers-1-(199).png,Love is in the Air,,party,,
covers-1-(203).png,Vintage Stamps,,"retro, 3d",,
covers-1-(210).png,Warning You,,"party, typography, humour, quirky",,
covers-1-(211).png,Drinking Enthusiast,,"party, typography, humour, quirky",,
covers-1-(214).png,Antique Knife,,"weapon, retro",,
covers-1-(215).png,Bullet Hi Bullet,,weapon,,
covers-1-(216).png,Shoot Them Up,,weapon,,
covers-1-(218).png,Koftgiri Art,,"retro, 3d",,
covers-1-(220).png,Better Life,,"fashion, humour, profession-and-personality",,
covers-1-(221).png,Cool Moustache ,,"fashion, profession-and-personality, quirky",,
covers-1-(222).png,How Am I Looking,,"fashion, profession-and-personality, quirky",,
,,,,,
,,,,,
,,,,,
bhishoom-2-1.png,Bhaag Milkha Bhaag,"Grey , Black , White","comic-and-cartoon, graphic, movies-and-television, sports, famous, typography, profession-and-personality",,
bhishoom-2-2.png,A BEER chick,"Blue , White , Red","humour, typography, comic-and-cartoon, animals, party, profession-and-personality, fashion",,
bhishoom-2-3.png,Party Mode,"Black , Green , White","typography, graphic, party, quirky, music",,
bhishoom-2-4.png,AC and DC,"Black , Red , Green","graphic, party, famous, music",,
bhishoom-2-5.png,Airbourne,"Black , Red , White","graphic, movies-and-television, famous, animals",,
bhishoom-2-6.png,Aisi Deewangi ,"Black , White , Red","humour, comic-and-cartoon, typography, quirky, desi, movies-and-television",,
bhishoom-2-7.png,All Day Sport,"Green , Red , Yellow","graphic, sports, famous",,
bhishoom-2-8.png,Masquerade,"Orange , Black",graphic,,
bhishoom-2-9.png,Anda Ka Funda,"Orange , Yellow , White","humour, graphic, comic-and-cartoon, animals, quirky",,
bhishoom-2-10.png,Black And White ,"Grey , White , Black","quirky, typography, comic-and-cartoon, animals, graphic",,
bhishoom-2-11.png,Anger Management,"Grey , Black , Red","humour, comic-and-cartoon, animals, quirky, comic-and-cartoon",,
bhishoom-2-12.png,Angry Avenger,"Red , White , Green","comic-and-cartoon, comic-and-cartoon, movies-and-television, humour, quirky, animals",,
bhishoom-2-13.png,Zor Ka Jhatka ,"Black , White","graphic, quirky, humour",,
bhishoom-2-14.png,Angry Peacock,"Red , Orange , Green","graphic, comic-and-cartoon, humour, animals, quirky, weapon",,
bhishoom-2-15.png,Suar Ke Patthe,"Green , Red , White","humour, comic-and-cartoon, animals, typography, quirky",,
bhishoom-2-16.png,Incredible Apple,"Black , Green","graphic, typography, famous",,
bhishoom-2-17.png,Gabbar,"purple , Green , Black","movies-and-television, quirky, humour, typography, famous",,
bhishoom-2-18.png,Astranaut's Imagination,"Black , Blue , White","graphic, quirky",,
bhishoom-2-19.png,Lionel Messi 10,"Black , White , Blue","graphic, famous, sports",,
bhishoom-2-20.png,Baba Ji's Thenga,"Black , Red , Orange","graphic, typography, humour, quirky, desi",,
bhishoom-2-21.png,Yoga se Hoga,"Blue , Black","humour, comic-and-cartoon, typography, quirky, desi",,
bhishoom-2-22.png,Kuwara Aadmi,"Black , Red , Yellow","humour, comic-and-cartoon, typography, quirky, desi",,
bhishoom-2-23.png,Backstreet Cows,"Blue , Green , White","graphic, humour, animals, music",,
bhishoom-2-24.png,Bang Bang,"Yellow , Red , White","movies-and-television, graphic, typography, comic-and-cartoon",,
bhishoom-2-25.png,Bas Kar Bhai,"Black , Red , White","typography, humour, graphic, desi, auto-and-transportation",,
bhishoom-2-26.png,Batman,"Blue , Black","graphic, comic-and-cartoon, famous, movies-and-television",,
bhishoom-2-27.png,Its King Kong,"Black , White","graphic, animals, quirky, humour",,
bhishoom-2-28.png,Bhaag Bolt Bhaag ,"Black , Yellow , White","graphic, sports, famous",,
bhishoom-2-29.png,Bhai Hai Tu Mera,"Black , Red , White","graphic, typography, humour, comic-and-cartoon, party, quirky, desi",,
bhishoom-2-30.png,BLOCKED ,Blue,"graphic, typography, humour, party, quirky",,
bhishoom-2-31.png,Breaking Bad ,"Black , White","graphic, famous, movies-and-television",,
bhishoom-2-32.png,teen bewakoof,"Black , Red , Yellow","graphic, desi, humour, movies-and-television, party, quirky, famous",,
bhishoom-2-33.png,Captain India,"Green , White , Yellow","comic-and-cartoon, quirky, desi, graphic",,
bhishoom-2-34.png,Hukam Ka Ikka,Red,graphic,,
bhishoom-2-35.png,Chemical X,"Black , Green , Yellow","graphic, humour, quirky, typography",,
bhishoom-2-36.png,Chicken Tikka,"Black , Green , Yellow","humour, desi, typography, animals, party, quirky",,
bhishoom-2-37.png,Fevicaol Ka JOD ,"Blue , White , Red","typography, quirky, desi, humour, animals",,
bhishoom-2-38.png,Cute Messi ,"Blue , Black , White","comic-and-cartoon, graphic, sports, famous",,
bhishoom-2-39.png,Cute Super Heros,"Red , Black , Yellow","humour, comic-and-cartoon, animals, graphic",,
bhishoom-2-40.png,Dark Knights,"Black , Blue","graphic, comic-and-cartoon, famous, movies-and-television",,
bhishoom-2-41.png,Dark Side ,"Black , White , Yellow","graphic, party, movies-and-television, famous",,
bhishoom-2-42.png,Ball Z,"Black , Yellow , Blue","graphic, movies-and-television, famous, comic-and-cartoon",,
bhishoom-2-43.png,Sudh Cricket ,"Red , Yellow , Black","typography, desi, humour, quirky, sports",,
bhishoom-2-44.png,Dead Mouse,"Black , Red , White","graphic, party, animals, famous",,
bhishoom-2-45.png,DeadMau 5,"Black , Red","graphic, party, animals, famous",,
bhishoom-2-46.png,Despicable Me,"Yellow , Black , White","graphic, comic-and-cartoon, movies-and-television, famous",,
bhishoom-2-47.png,Devil Dirt,"Black , Red , White","graphic, comic-and-cartoon, movies-and-television, famous, weapon",,
bhishoom-2-48.png,Devil Mera Yaar ,"Black , Blue","graphic, party, quirky",,
bhishoom-2-49.png,Touched My Heart,"brown , White","graphic, typography, humour, quirky",,
bhishoom-2-50.png,Brain Storm,"Black , Red , Green","graphic, typography, humour, comic-and-cartoon, quirky",,
bhishoom-2-51.png,Dinner with Batman,"Black , White , Yellow","graphic, comic-and-cartoon, famous, movies-and-television, humour, quirky",,
bhishoom-2-52.png,DJ FRANKENSTEIN,"Black , Green","graphic, comic-and-cartoon, party, movies-and-television, famous, music",,
bhishoom-2-53.png,Bas 2 Ghoont ,"Black , White , Red","party, comic-and-cartoon, typography, humour, desi, graphic",,
bhishoom-2-54.png,Do It MAHI Way!,"Black , Blue , White","graphic, sports, famous, desi",,
bhishoom-2-55.png,Do Not Escape,Grey,"humour, quirky, graphic, typography",,
bhishoom-2-56.png,Lal BULL,"Yellow , Red , Black","humour, typography, graphic, comic-and-cartoon, party, famous, animals, quirky",,
bhishoom-2-57.png,Dragon Ball Z,"Blue , Green","graphic, typography, quirky, comic-and-cartoon",,
bhishoom-2-58.png,Drink BEER save Water!,"Black , White , Red","graphic, comic-and-cartoon, quirky, party, humour",,
bhishoom-2-59.png,Eiffel Chain ?,"Red , Black","typography, humour, graphic, desi, party, quirky",,
bhishoom-2-60.png,Ek Hi Vajah ,"Red , Yellow , Orange","graphic, typography, humour, comic-and-cartoon, quirky, desi",,
bhishoom-2-61.png,B.tech Future ,"Black , Yellow","graphic, humour, quirky, desi, profession-and-personality",,
bhishoom-2-62.png,Evil Returns,Black,graphic,,
bhishoom-2-63.png,Fart Avengers,"Red , Yellow","comic-and-cartoon, quirky, humour, movies-and-television, famous",,
bhishoom-2-64.png,Chipkale Saiyaan ,"Yellow , Red , Blue","movies-and-television, typography, humour, graphic, famous",,
bhishoom-2-65.png,FIFA  Fever!,"Blue , Red , Orange","graphic, comic-and-cartoon, quirky, sports",,
bhishoom-2-66.png,Fight Club,"Black , Red","graphic, movies-and-television, famous",,
bhishoom-2-67.png,Finally Escaped!,"Red , Blue , White","typography, humour, quirky, comic-and-cartoon, graphic, weapon",,
bhishoom-2-68.png,Friendly Fire,"Blue , Black","typography, humour, quirky, comic-and-cartoon, graphic",,
bhishoom-2-69.png,Androids hunger,"Grey , Green","graphic, humour, quirky, comic-and-cartoon",,
bhishoom-2-70.png,Death by Petrol ,"Black , White","graphic, humour, quirky, auto-and-transportation",,
bhishoom-2-71.png,Funky Zombie!,"Black , Red , Blue","graphic, quirky",,
bhishoom-2-72.png,Genius Minds,"Black , Red","graphic, typography, quirky, humour",,
bhishoom-2-73.png,Steve Jobs,"Blue , purple , Yellow","famous, graphic",,
bhishoom-2-74.png,Daft Punk,Black,"graphic, famous, music",,
bhishoom-2-75.png,Bhojpuri Ghajini ,"Black , Orange , White","humour, graphic, quirky, movies-and-television, typography, desi",,
bhishoom-2-76.png,Ghost Rider!,"purple , Orange , Black","humour, quirky, graphic, auto-and-transportation",,
bhishoom-2-77.png,Girlfriend ERROR!,"Blue , White","humour, graphic, typography, quirky",,
bhishoom-2-78.png,Go Drunk,"Green , Black","graphic, quirky, movies-and-television, typography",,
bhishoom-2-79.png,Go Gloomy,"Red , White , brown","animals, comic-and-cartoon, graphic",,
bhishoom-2-80.png,Crime Master Gogo ,"Green , Black","quirky, comic-and-cartoon, movies-and-television, graphic, famous",,
bhishoom-2-81.png,Goten …BALL Z,"purple , Black , Orange","quirky, typography, graphic, comic-and-cartoon",,
bhishoom-2-82.png,Guruji Chelaji,"Red , Yellow , White","quirky, typography, humour, desi, graphic",,
bhishoom-2-83.png,Hass mat pagli,"Green , Black , White","graphic, typography, quirky, humour, desi, auto-and-transportation, party",,
bhishoom-2-84.png,It’s A Goal,"Orange , Green , White","sports, famous",,
bhishoom-2-85.png,Horn Stars,Red,"humour, quirky, graphic, typography, party, comic-and-cartoon",,
bhishoom-2-86.png,Hukka Bar,"purple , Orange","humour, quirky, graphic, typography, party",,
bhishoom-2-87.png,Hulk A saurus,"Green , purple","comic-and-cartoon, humour, graphic, quirky, animals, movies-and-television",,
bhishoom-2-88.png,Allergic,"Black , Red","typography, humour, quirky, party",,
bhishoom-2-89.png,I Can See Everything ,"Black , White , Orange","humour, typography, graphic, quirky, desi",,
bhishoom-2-90.png,WILL YOU !,"Black , White","humour, typography, graphic, party, quirky",,
bhishoom-2-91.png,I like You !,"Blue , White","graphic, typography, quirky, humour",,
bhishoom-2-92.png,Incredible India!,"Green , Red , pink","comic-and-cartoon, animals, graphic, quirky, desi, gym-and-health",,
bhishoom-2-93.png,Size Zero,"Black , Blue , White","comic-and-cartoon, humour, graphic, quirky, animals",,
bhishoom-2-94.png,Dragon Ball Z ,"Grey , Yellow","quirky, comic-and-cartoon, movies-and-television, graphic, movies-and-television, famous",,
bhishoom-2-95.png,Its Dragon Ball Z,"purple , brown","quirky, typography, comic-and-cartoon, graphic, famous, movies-and-television",,
bhishoom-2-96.png,Jab Tak Hai Jaan ,"Yellow , White , Red","quirky, desi, humour, movies-and-television, typography, comic-and-cartoon, graphic, animals, weapon",,
bhishoom-2-97.png,Jailer o Saurus,"Black , Green","graphic, animals, quirky, desi, movies-and-television, humour",,
bhishoom-2-98.png,Big Boss,Black,"graphic, famous, movies-and-television",,
bhishoom-2-99.png,Ashtronishing,"Black , khaki","graphic, music, humour, quirky",,
bhishoom-2-100.png,Khallas!,"Black , Blue , White","graphic, humour, quirky, animals, typography, weapon",,
bhishoom-2-101.png,Khopdi ,"Black , Blue , White","graphic, humour, quirky, weapon",,
bhishoom-2-102.png,KILL DILL,"Green , Black , White","graphic, typography, desi, party, humour, quirky",,
bhishoom-2-103.png,Killer App,"Grey , Green , Red","graphic, humour, typography, quirky",,
bhishoom-2-104.png,Lucky Guy,"Black , Orange","typography, desi, party, quirky, humour",,
bhishoom-2-105.png,Batman v/s Superman,"Yellow , Red , Black","comic-and-cartoon, famous, graphic, movies-and-television",,
bhishoom-2-106.png,Knight Wolf,"Black , Blue , Red","animals, graphic, quirky",,
bhishoom-2-107.png,Knight Bear,"Black , Red , White","animals, movies-and-television, quirky, graphic",,
bhishoom-2-108.png,Kungfu Panda,"Black , White","movies-and-television, animals, quirky, graphic, humour, famous",,
bhishoom-2-109.png,Kya Haal Chaal?,"Black , Red , White","typography, graphic, quirky, desi, humour, party",,
bhishoom-2-110.png,Tumhare paas kya hai ?,"Black , Green , White","party, comic-and-cartoon, typography, quirky, humour, desi, graphic, movies-and-television",,
bhishoom-2-111.png,Pyar Ho Jayega,"Grey , Green , Blue","typography, desi, humour, quirky, graphic",,
bhishoom-2-112.png,Six Packs,"Blue , Black , brown","graphic, quirky, humour, party, gym-and-health",,
bhishoom-2-113.png,Hamara Dil ,"Green , White , Orange","typography, humour, graphic, desi, party, quirky",,
bhishoom-2-114.png,Messi Boy,"Blue , Green , Yellow","sports, famous, graphic",,
bhishoom-2-115.png,Mind Your Language,"Black , White , Green","graphic, typography, humour, comic-and-cartoon, party, quirky",,
bhishoom-2-116.png,Main Toh Superman,"Black , White , Red","graphic, typography, humour, comic-and-cartoon, party, quirky, profession-and-personality",,
bhishoom-2-117.png,Haramkhor,"Green , Yellow , White","typography, humour, desi, party, quirky",,
bhishoom-2-118.png,Mann ki Aankhien,"Blue , brown , cream","typography, desi, graphic, animals, humour",,
bhishoom-2-119.png,Masters in COMPUTERS ,"Grey , White , Red","typography, humour, graphic, party, quirky, profession-and-personality",,
bhishoom-2-120.png,Mechanical Marvel,"Blue , White , Red","graphic, typography, humour, quirky, comic-and-cartoon",,
bhishoom-2-121.png,Memes & Mario,"Black , Red , Blue","comic-and-cartoon, graphic, humour, quirky, famous",,
bhishoom-2-122.png,KYA POWER HAI ,"Black , Red , White","graphic, typography, humour, quirky, party",,
bhishoom-2-123.png,Mil Hi Gaya,"Red , White , brown","graphic, typography, humour, quirky, desi, party",,
bhishoom-2-124.png,Mind The Rules,"Red , Black , Blue","typography, graphic, quirky, desi, humour, party",,
bhishoom-2-125.png,MJ Special,"purple , Yellow , Blue","graphic, quirky, humour, famous",,
bhishoom-2-126.png,Shave The World,"Blue , White , Red","graphic, typography, humour, comic-and-cartoon, quirky",,
bhishoom-2-127.png,Get High And FLY ,"Yellow , White , Blue","graphic, typography, humour, comic-and-cartoon, party, quirky",,
bhishoom-2-128.png,Mr Bean Animated ,"brown , Yellow , White","comic-and-cartoon, movies-and-television, humour, famous",,
bhishoom-2-129.png,Music In My Soul,"Black , Blue , White","graphic, quirky, party, music",,
bhishoom-2-130.png,My NAME is BASANTI,"Yellow , Black , pink","movies-and-television, typography, desi, humour, party, quirky",,
bhishoom-2-131.png,Meri Pahunch,"Black , White","party, comic-and-cartoon, typography, quirky, humour, desi, graphic",,
bhishoom-2-132.png,Ninja Turtles,"Blue , Green , White","graphic, comic-and-cartoon, movies-and-television, humour",,
bhishoom-2-133.png,NO war…Only LOVE,"Black , White , brown","graphic, movies-and-television, comic-and-cartoon, famous",,
bhishoom-2-134.png,No Smoking please,"Black , Red , Orange","typography, humour, graphic, desi, party, quirky",,
bhishoom-2-135.png,Its Star Wars ,"Black , Green , Red","graphic, movies-and-television, comic-and-cartoon, famous",,
bhishoom-2-136.png,Its Daft Punk ,"Black , White , Red","graphic, music, party, famous",,
bhishoom-2-137.png,Only FOR you,"Black , Red","graphic, quirky, humour, party",,
bhishoom-2-138.png,Spiderman Effect,"Red , Blue , brown","graphic, comic-and-cartoon, quirky, party, movies-and-television, famous, humour",,
bhishoom-2-139.png,Monster America,"Green , Blue , Red","graphic, comic-and-cartoon, quirky, famous, humour, movies-and-television",,
bhishoom-2-140.png,TedaMAN,"Yellow , Red , Blue","graphic, comic-and-cartoon, quirky, famous, humour, movies-and-television",,
bhishoom-2-141.png,Before and After PARTY,"Green , Red , Black","party, humour, quirky, typography, fashion",,
bhishoom-2-142.png,PIRATES OF TOONPUR,"Black , Blue , Orange","graphic, comic-and-cartoon, humour, quirky",,
bhishoom-2-143.png,Padai Ke Side Effects,"Blue , Orange , cream","graphic, humour, party, quirky, comic-and-cartoon, famous",,
bhishoom-2-144.png,DON’T TELL MY DAD,"Green , White","typography, humour, party, quirky",,
bhishoom-2-145.png,Party abhi baaki hai ,"Orange , White , Red","graphic, party, desi, comic-and-cartoon, quirky, music, humour",,
bhishoom-2-146.png,Party OWL ,"Grey , brown , Yellow","graphic, humour, party, quirky, comic-and-cartoon, animals",,
bhishoom-2-147.png,Pause'tive,"Red , Yellow , White","graphic, typography, humour, quirky",,
bhishoom-2-148.png,Peene Ka Bahana,"brown , White , Red","typography, humour, graphic, desi, party, quirky",,
bhishoom-2-149.png,Phata Poster Nikla JOKER,"Blue , Orange , White","graphic, movies-and-television, famous",,
bhishoom-2-150.png,Drink Meter,"Black , Red , Green","graphic, typography, humour, party, quirky",,
bhishoom-2-151.png, Pakka Mat ,"Orange , White , Yellow","typography, desi, humour, quirky",,
bhishoom-2-152.png,Pug In Pocket ,"Blue , Orange , White","humour, comic-and-cartoon, animals, graphic, quirky",,
bhishoom-2-153.png,Pocket Me DRAGON ball Z,"Red , Black , Blue","graphic, comic-and-cartoon, quirky, humour",,
bhishoom-2-154.png,Point hai BAAT me,"Orange , White , Yellow","graphic, typography, humour, quirky",,
bhishoom-2-155.png,Golden Death,"Blue , Yellow , Black","graphic, quirky, humour, party",,
bhishoom-2-156.png,Puppy Kahin Ka ,"brown , Red , Yellow","graphic, typography, desi, humour, movies-and-television",,
bhishoom-2-157.png,RajiniCAN ,"Blue , Yellow , Green","graphic, humour, comic-and-cartoon, desi, famous, movies-and-television",,
bhishoom-2-158.png,Rowdy Bird,"Black , White , Red","movies-and-television, comic-and-cartoon, humour, desi, typography, animals",,
bhishoom-2-159.png,High 5,"Yellow , Blue , Black","graphic, humour, party, typography, quirky",,
bhishoom-2-160.png,Happy Haloween,"Black , White , Green","graphic, humour, quirky, party",,
bhishoom-2-161.png,NO Smoking ,"brown , White , Orange","graphic, humour, party, typography, quirky",,
bhishoom-2-162.png,Sexy Brain,"cream , Red , Blue","graphic, typography, party, profession-and-personality",,
bhishoom-2-163.png,Roadie special,"Red , White , Blue","graphic, movies-and-television, famous, comic-and-cartoon, quirky, desi, humour, profession-and-personality",,
bhishoom-2-164.png,Roar It My way,"Black , Red , White","graphic, animals",,
bhishoom-2-165.png,ROCK n ROLL!,"Black , Red , White","music, party, humour, typography",,
bhishoom-2-166.png,Rocket Ronaldo,"Red , White , Blue","graphic, sports, famous",,
bhishoom-2-167.png,RockSTAR,"Black , Yellow , Red","graphic, music, party, quirky, typography, humour, profession-and-personality",,
bhishoom-2-168.png,Don't say it,"Black , Blue , Orange","typography, desi, humour, quirky, graphic",,
bhishoom-2-169.png,Luv Weekends,"Black , White , Red","graphic, typography, humour, party, quirky",,
bhishoom-2-170.png,Sher Khan,"Black , gold , Yellow","graphic, animals, quirky",,
bhishoom-2-171.png,Shit HAPPENS,"Yellow , Black , White","graphic, humour, party, typography, quirky",,
bhishoom-2-172.png,Shortage of TIME,"Black , Red , White","graphic, party, typography, quirky, profession-and-personality",,
bhishoom-2-173.png,Singh Sahab,"Black , Red , Yellow","graphic, party, quirky, animals",,
bhishoom-2-174.png,Skull,"Black , White , brown","graphic, quirky, party",,
bhishoom-2-175.png,Sone Bhi Do YAARO ,"Black , Blue , White","graphic, quirky",,
bhishoom-2-176.png,SpongeBOB vs ZOMBIES,"Yellow , brown , Blue","graphic, quirky, comic-and-cartoon",,
bhishoom-2-177.png,Squeeze IT,"Black , brown , gray","graphic, quirky, humour, party",,
bhishoom-2-178.png,Star Attack,"Black , Blue , Orange","graphic, movies-and-television, famous",,
bhishoom-2-179.png,Super Mario ! Reloaded,"Yellow , White , Red","graphic, comic-and-cartoon, quirky, famous, humour",,
bhishoom-2-180.png,Super cow ,"Blue , White , Red","graphic, comic-and-cartoon, quirky, humour, animals",,
bhishoom-2-181.png,Super Sized heroes,"Yellow , Red , Green","graphic, comic-and-cartoon, quirky, famous, humour, movies-and-television",,
bhishoom-2-182.png,Super Sparrow League,"Red , brown , Green","graphic, comic-and-cartoon, quirky, famous, humour, movies-and-television",,
bhishoom-2-183.png,Supermask Jhakkas,"Blue , Yellow , Black","graphic, comic-and-cartoon, quirky, famous, humour, movies-and-television",,
bhishoom-2-184.png,Swat Cats,"Black , Orange , Green","graphic, comic-and-cartoon, quirky",,
bhishoom-2-185.png,Buri Nazar Waale,"Blue , Red , White","typography, humour, graphic, desi, party, quirky, auto-and-transportation",,
bhishoom-2-186.png,The EGYPTION diaries,"Blue , Yellow","graphic, quirky, humour",,
bhishoom-2-187.png,Retirement  Life,"Blue , Red , Yellow","graphic, comic-and-cartoon, famous, humour",,
bhishoom-2-188.png,The Flash ,"Red , Yellow , White","graphic, comic-and-cartoon, famous, movies-and-television",,
bhishoom-2-189.png,The Incredible HULK,"Black , Red , Green","graphic, comic-and-cartoon, famous, movies-and-television",,
bhishoom-2-190.png,The Ugly Gang,"brown , Green , Blue","humour, comic-and-cartoon, graphic, quirky",,
bhishoom-2-191.png,Think Different,"White , Orange , Yellow","graphic, typography, humour, profession-and-personality",,
bhishoom-2-192.png,Thoranium,"brown , Red , Black","graphic, comic-and-cartoon, quirky, party, movies-and-television, famous, humour",,
bhishoom-2-193.png,Tron Legacy,"Black , Blue","graphic, party, movies-and-television, famous",,
bhishoom-2-194.png,It Says It ALL,"Red , White , Black","typography, humour, party, quirky",,
bhishoom-2-195.png,Ungli Mat Karna,"brown , Red , White","typography, graphic, desi, humour, party",,
bhishoom-2-196.png,Vellapanti,"White , brown , Red","typography, graphic, desi, humour, party, profession-and-personality",,
bhishoom-2-197.png,4 bottle Vodka,"Black , White , Blue","typography, graphic, desi, party, quirky, music, movies-and-television, profession-and-personality",,
bhishoom-2-198.png,Warning ,"Black , Red , White","graphic, typography, humour, party, quirky",,
bhishoom-2-199.png,What IS MOBILE number,"Red , White , Yellow","graphic, typography, humour, party, quirky, desi",,
bhishoom-2-200.png,Why So Serious,"Black , White , Blue","movies-and-television, graphic, famous",,
bhishoom-2-201.png,Wolverine,"Yellow , Blue , Red","comic-and-cartoon, movies-and-television, graphic",,
bhishoom-2-202.png,Yaar Tera SUPERSTAR,"Blue , Red , Yellow","comic-and-cartoon, quirky, party, movies-and-television, famous, humour, typography, profession-and-personality",,
bhishoom-2-203.png,Yeh Dosti ..!!,"brown , White , Yellow","typography, humour, graphic, desi, party, quirky",,
bhishoom-2-204.png,Heart in Hand,"Blue , Red , Black","graphic, quirky, party",,
bhishoom-2-205.png,Yoga O holics ,"Red , brown , White","graphic, typography, humour, party, quirky, desi",,
bhishoom-2-206.png,You Are Invited ,"Yellow , White , Blue","graphic, humour, party, typography, quirky",,
bhishoom-2-207.png,Zara Sambhaal Ke,"Black , White , Red","typography, graphic, quirky, desi, humour, party, profession-and-personality",,
bhishoom-2-208.png,Zilch To Zenith,"Black , White , Green","graphic, typography",,
bhishoom-2-209.png,Bachelor Party,"Yellow , Black , Red","graphic, humour, party, typography, quirky",,
bhishoom-2-210.png,Hello Zombie,"Black , White , Red","graphic, comic-and-cartoon, quirky, famous, humour, party",,
bhishoom-2-211.png,Keep It Real,"Black , White , Orange","graphic, typography, party",,
bhishoom-2-212.png,It’s a Trap Mickey ,"Red , Yellow , White","graphic, comic-and-cartoon, quirky, famous, humour, movies-and-television",,
bhishoom-2-213.png,Battery life..!,"Black , White , Green","graphic, typography, humour, quirky",,
bhishoom-2-214.png,War Time,"Blue , cream","graphic, comic-and-cartoon, famous, movies-and-television",,
bhishoom-2-215.png,Moshi Moshi ,"Orange , brown , Green","graphic, comic-and-cartoon, famous, movies-and-television, sports",,
bhishoom-2-216.png,Pokemon Ball,"brown , White , Orange","quirky, comic-and-cartoon, typography, humour, famous",,
bhishoom-2-217.png,Whats Up parker,"Black , White , Red","graphic, movies-and-television, comic-and-cartoon, famous",,
bhishoom-2-218.png,I am A Superstar,"Black , White , Red","graphic, humour, party, quirky, comic-and-cartoon, music, profession-and-personality",,
bhishoom-2-219.png,HUG Me,"White , Orange , aqua","typography, humour, graphic, party, quirky",,
bhishoom-2-220.png,Monster DJ,"Black , White , Red","graphic, party, quirky, music, humour, profession-and-personality",,
bhishoom-2-221.png,Life Is Good,"brown , pink , Blue","graphic, typography",,
bhishoom-2-222.png,Spooky Gothic,"Black , Green , White","graphic, comic-and-cartoon, quirky, movies-and-television, famous, typography",,
bhishoom-2-223.png,I AM OK,"Green, Red","graphic, quirky, fashion, typography, humour",,
bhishoom-2-224.png,Hulk Style,"Green, Yellow","fashion, graphic, quirky, humour, famous, comic-and-cartoon",,
bhishoom-2-225.png,Desi Theka,"Black, Red, ","quirky, desi, typography, humour, party",,
bhishoom-2-226.png,We Will Rock You,"Black, Red, Blue","graphic, comic-and-cartoon",,
#Sexy.png,#Sexy,"Black,Red","desi",,


